Mean (sec),STD (sec)
0.0664193385714286,0.0106702818449924
